{"version":3,"update_interval_hours":24,"settings":{"tierbase_search_timeout":15000,"mainbase_search_timeout":10000,"tierbase_api_timeout":35000,"mainbase_api_timeout":30000,"proxy_search_timeout":10000},"mainbase":["https://zrny.hostel-worship.org","https://hgus.nickname-vocals.net","https://nblx.nickname-vocals.net","https://iejg.nickname-vocals.net","https://yazx.nickname-vocals.net","https://yukh.nickname-vocals.net","https://awdb.short-serum.net","https://govz.troops-forget.org","https://myyw.troops-forget.org","https://mrmh.mails-windows.org","https://ozgu.hostel-worship.org","https://irch.jamaica-doctor.net","https://1.thirdbackupdomain.com"],"tierbase":["https://hrof.short-serum.net","https://vezk.wanna-wheat.net","https://frwy.jamaica-doctor.net","https://ctjv.troops-forget.org","https://srpx.nickname-vocals.net","https://vsxm.wanna-wheat.net","https://ffed.short-serum.net","https://ydjx.mails-windows.org","https://zonu.jamaica-doctor.net","https://hkkp.troops-forget.org","https://ygbd.wanna-wheat.net","https://ixex.jamaica-doctor.net","https://qlbm.nickname-vocals.net","https://bxps.terry-specials.net:8979/s","https://azbe.extract-bored.net:5928/s","https://yibz.mainbackupdomain.com:8914/s","https://qxca.sound-ranges.net:2296/s","https://jguy.solar-fifth.org:1794/s","https://tjvz.router-shore.org:1753/s","https://cwzl.sound-ranges.net:6623/s","https://trjt.merge-navigate.net:5678/s","https://grag.while-queue.net:8816/s","https://uaem.judge-noise.org:9245/s","https://udat.diltwo.com:7709/s","https://nhic.judge-noise.org:4337/s","https://iidd.extract-bored.net:7460/s","https://nicz.plugin-saturn.org:7997/s","https://vxfd.itunes-brokers.org:3574/s","https://istb.trunk-dublin.org:3771/s","https://znab.sodium-speech.net:6331/s","https://esvp.wiley-simply.org:7716/s","https://nkcx.diltwo.com:7526/s","https://afui.kitty-deserve.org:10574/s","https://yaqw.regions-items.net:9403/s","https://nzcj.suzuki-newbie.net:4064/s","https://zgne.norton-matter.org:4768/s","https://cryr.judge-noise.org:2135/s","https://kcdh.fourqt.com:1805/s","https://ueme.sodium-speech.net:5581/s","https://dfle.costa-villages.net:5379/s","https://cbdi.plugin-saturn.org:7557/s","https://thwa.plugin-saturn.org:7413/s","https://umng.terry-specials.net:3583/s","https://vdtu.actions-constant.net:9893/s","https://vooe.coupled-clone.net:2653/s","https://ufjh.fourqt.com:7245/s","https://uonk.sessions-graph.org:4963/s","https://zang.sessions-graph.org:4123/s","https://hmcc.wiley-simply.org:6845/s","https://ckjm.wiley-simply.org:3277/s"]}